report_month_in_text,mnp_requests_million,month,source_url,status
July 2026,15.98,2026-07,https://www.trai.gov.in/sites/default/files/2026-08/PR_No116of2026_0.pdf,ok
June 2026,14.78,2026-06,https://www.trai.gov.in/sites/default/files/2026-07/PR_No104of2026_0.pdf,ok
May 2026,14.46,2026-05,https://www.trai.gov.in/sites/default/files/2026-06/PR_No78of2026_0.pdf,ok
April 2026,14.74,2026-04,https://www.trai.gov.in/sites/default/files/2026-05/PR_No.63of2026_0.pdf,ok
March 2026,14.63,2026-03,https://www.trai.gov.in/sites/default/files/2026-04/PR_No.53of2026.pdf,ok
,14.47,2026-02,https://www.trai.gov.in/sites/default/files/2026-04/PR_No.46of2026_0.pdf,ok
January 2026,15.98,2026-01,https://www.trai.gov.in/sites/default/files/2026-03/PR_No.39of2026_0.pdf,ok
,16.12,2025-12,https://www.trai.gov.in/sites/default/files/2026-02/PR_No.19of2026_0.pdf,manual_entry
November 2025,14.69,2025-11,https://www.trai.gov.in/sites/default/files/2025-12/English%20Press%20Release%20of%20Telecom%20Subscription%20Data-November-25_English-31.12.2025_1815-sd_0.pdf,ok
October 2025,15.05,2025-10,https://www.trai.gov.in/sites/default/files/2025-11/PR_No.141of2025_0.pdf,ok
September 2025,15.13,2025-09,https://www.trai.gov.in/sites/default/files/2025-10/PR_No.120of2025_0.pdf,ok
August 2025,15.05,2025-08,https://www.trai.gov.in/sites/default/files/2025-10/PR_No.104of2025_0.pdf,ok
July 2025,15.41,2025-07,https://www.trai.gov.in/sites/default/files/2025-08/PR_No.83of2025_0.pdf,ok
June 2025,13.58,2025-06,https://www.trai.gov.in/sites/default/files/2025-07/PR_No.64of2025_0.pdf,ok
