operator,complaint_theme,score,thumbs_up_count,content
Airtel,Network & Connectivity,1,475,"Does not show all the available plans. Plans listing don't even state of they are data and ott it's or talktime and validity or whatever else. What's the use of this app then? It just lists all the most expensive plans they have, without any clarity on what those plans give exactly."
Jio,Network & Connectivity,5,455,Excellent App that has all that you need to stay connected 24x7. I enjoy using MyJio App. Thank you Team Jio for making my life easy and keeping me connected with family and friends. Excellent connectivity and 5G Data services. Jio Tunes selection and setting them is so very easy with a wide variety of tunes to select from. My ï¿½ï¿½ï¿
Jio,Network & Connectivity,1,247,"Very bad network 4g/5g in home, sudamdih, dhanbad jharkhand"
Jio,Network & Connectivity,1,203,"JioFiber Feedback JioFiber service is very disappointing. For the last 1 month, my router auto-restarts 5-6 times every day, and the internet takes 15-20 minutes to come back. I have raised multiple complaints, but no technician has visited or properly resolved the issue. Very poor service and support."
Airtel,Billing & Pricing,1,93,Trai mandated packs are not shown in their website for recharging..
Airtel,Network & Connectivity,1,70,"jio me port karo sab log ,airtel 5g range band kar deta hai"
Airtel,Network & Connectivity,1,68,"This app spies n slows down speed once it detects high data consumption! Hope it's ai by error and not deliberate, many users on social media have reported this anomaly"
Airtel,Network & Connectivity,1,62,"This app is extremely slow to open, recently recharged with amazon prime lite subcription. Cannot claim the subscription through the app. Sometimes the app shows that prime lite is active, but cannot log into Amazon. The message displayed on amazon app is ""your prime membership on airtel is on hold"". How do I solve this issue chat bot does'nt understand the query?"
Jio,Network & Connectivity,1,56,"""My jio"" app, most of the time not working due to SLOW INTERNET SPEED ( 1-5 kbps ) , But it's 5G . Please stop writing 5G. It's not 5G. It's 5kb (per second). You can't utilize even 300mb in a full day. Calling to other NETWORK in 1 time is next to impossible.After 2-3 times it gets connected. Simply give a good network and good internet speed. No need to free anything. Jio network only for metro cities, they can use all facilities; not for towns or villages."
Airtel,Billing & Pricing,1,53,It's been a year and the chatbot remains useless. If the bot can't solve (it can't 99% of the time) it then at least let an actual human take over so the customer can have a proper chat and get the issue resolved? The OTT benefits do not work sometimes. My prime video sub benefit has failed to be claimed twice in a row now. The recharge page also shows error sometimes despite good connection & it's inconvenient when I'm in a rush. I recently had the same problem and had to use gpay for recharge.
Jio,General Feedback,1,50,Bank verification not working properly i trying so many times
Airtel,Network & Connectivity,4,49,"I have complained about network issues from past 2012 to till now via vs, twitter, Facebook, direct visit to office. But till now facing same issue. Our village still in 2G era. Am too using the same sim from 2007 to till now. Will any one hear my or our shout outs to enhance network and data speed in my village?. In our village 92% people using smart phone and 60% using Airtel. But the network is still like Nokia 1100."
Airtel,Billing & Pricing,1,36,"it's a pathetic service of airtel wifi . last time after continuous followup they solved it . but again the same problem is arising. This month not even a single day i could use it seamlessly . they sent the technician and it got resolved just for a few hours then again it started failing . I can't even lodge a complaint through their customer care or airtel thanks app . not sure , for what I am paying the bill every month. Only the red light is blinking in the router ."
Airtel,Network & Connectivity,1,33,"Unlimited 5G/ 5Gplus ï¿½ï¿½ï¿½ï¿½ï¿½ï¿½ï¿½ï¿½ï¿½ ï¿½ï¿½ï¿½ï¿½ï¿½ï¿½ ï¿½ï¿½ï¿½ï¿½ï¿½ï¿½ï¿½ï¿½ï¿½ï¿½ï¿½ï¿½? ï¿½ï¿½ï¿½ï¿½ï¿½ï¿½ï¿½ï¿½ï¿½ï¿½ï¿½ï¿½ï¿½ï¿½ï¿½ï¿½ï¿½ï¿½ï¿½ï¿½ï¿½ ï¿½ï¿½ï¿½ï¿½ï¿½ï¿½ï¿½ï¿½ï¿½ï¿½ï¿½ï¿½ï¿½ï¿½ï¿½ï¿½ï¿½ï¿½ ï¿½ï¿½ï¿½ï¿½ï¿½ï¿½, ï¿½ï¿½ï¿½ï¿½ï¿½ï¿½ï¿½ï¿½ï¿½ï¿½ï¿½ï¿½ï¿½ï¿½ï¿½ï¿½ï¿½ï¿½! Thoo. . .Thooo. . .Thoooo!!! Not 5G atleast 4G or 3G! Thoo! Not a single basic App, not even simple browsing works. I regret purchasing one year 5G plus unlimited data pack for no use. MC what issue is resolved, so shameless? There is alw"
Vi,General Feedback,5,31,ýýýýýýýýýýýýýýýýýýýýýýýýýýýýýýýýýýýýýýýýýýýý
