month,url,manual_mnp_million
2026-07,https://www.trai.gov.in/sites/default/files/2026-08/PR_No116of2026_0.pdf,
2026-06,https://www.trai.gov.in/sites/default/files/2026-07/PR_No104of2026_0.pdf,
2026-05,https://www.trai.gov.in/sites/default/files/2026-06/PR_No78of2026_0.pdf,
2026-04,https://www.trai.gov.in/sites/default/files/2026-05/PR_No.63of2026_0.pdf,
2026-03,https://www.trai.gov.in/sites/default/files/2026-04/PR_No.53of2026.pdf,
2026-02,https://www.trai.gov.in/sites/default/files/2026-04/PR_No.46of2026_0.pdf,14.47
2026-01,https://www.trai.gov.in/sites/default/files/2026-03/PR_No.39of2026_0.pdf,
2025-12,https://www.trai.gov.in/sites/default/files/2026-02/PR_No.19of2026_0.pdf,16.12
2025-11,https://www.trai.gov.in/sites/default/files/2025-12/English%20Press%20Release%20of%20Telecom%20Subscription%20Data-November-25_English-31.12.2025_1815-sd_0.pdf,
2025-10,https://www.trai.gov.in/sites/default/files/2025-11/PR_No.141of2025_0.pdf,
2025-09,https://www.trai.gov.in/sites/default/files/2025-10/PR_No.120of2025_0.pdf,
2025-08,https://www.trai.gov.in/sites/default/files/2025-10/PR_No.104of2025_0.pdf,
2025-07,https://www.trai.gov.in/sites/default/files/2025-08/PR_No.83of2025_0.pdf,
2025-06,https://www.trai.gov.in/sites/default/files/2025-07/PR_No.64of2025_0.pdf,
